{"cameraMode":{"drawMode":0,"name":"Shaded","section":"Shading Mode"},"sceneLighting":false,"audioPlay":false,"sceneViewState":{"m_AlwaysRefresh":false,"showFog":true,"showSkybox":false,"showFlares":true,"showImageEffects":true,"showParticleSystems":true,"showVisualEffectGraphs":true,"m_FxEnabled":true},"in2DMode":false,"pivot":{"x":-11.842889785766602,"y":1.7869999408721924,"z":14.689924240112305},"rotation":{"x":-0.09961658716201782,"y":0.28364497423171999,"z":0.02959311380982399,"w":0.9533270597457886},"size":1.328726053237915,"orthographic":false}