{"cameraMode":{"drawMode":0,"name":"Shaded","section":"Shading Mode"},"sceneLighting":false,"audioPlay":false,"sceneViewState":{"m_AlwaysRefresh":false,"showFog":true,"showSkybox":false,"showFlares":true,"showImageEffects":true,"showParticleSystems":true,"showVisualEffectGraphs":true,"m_FxEnabled":true},"in2DMode":false,"pivot":{"x":-13.665506362915039,"y":1.9607335329055787,"z":13.743788719177246},"rotation":{"x":0.07098270952701569,"y":0.7089594006538391,"z":-0.07217056304216385,"w":0.6980089545249939},"size":1.328726053237915,"orthographic":false}