{"cameraMode":{"drawMode":0,"name":"Shaded","section":"Shading Mode"},"sceneLighting":false,"audioPlay":false,"sceneViewState":{"m_AlwaysRefresh":false,"showFog":true,"showSkybox":true,"showFlares":true,"showImageEffects":true,"showParticleSystems":true,"showVisualEffectGraphs":true,"m_FxEnabled":true},"in2DMode":false,"pivot":{"x":-17.674152374267579,"y":20.468137741088868,"z":18.35161018371582},"rotation":{"x":0.0030967339407652618,"y":-0.8595808148384094,"z":0.5110623836517334,"w":0.005121614784002304},"size":3.218883752822876,"orthographic":false}