{"cameraMode":{"drawMode":0,"name":"Shaded","section":"Shading Mode"},"sceneLighting":false,"audioPlay":false,"sceneViewState":{"m_AlwaysRefresh":false,"showFog":true,"showSkybox":true,"showFlares":true,"showImageEffects":true,"showParticleSystems":true,"showVisualEffectGraphs":true,"m_FxEnabled":true},"in2DMode":false,"pivot":{"x":-19.547517776489259,"y":2.1803269386291506,"z":10.387373924255371},"rotation":{"x":0.006335847079753876,"y":-0.9077063798904419,"z":0.419485867023468,"w":0.013581630773842335},"size":10.069439888000489,"orthographic":false}