{"cameraMode":{"drawMode":0,"name":"Shaded","section":"Shading Mode"},"sceneLighting":false,"audioPlay":false,"sceneViewState":{"m_AlwaysRefresh":false,"showFog":true,"showSkybox":true,"showFlares":true,"showImageEffects":true,"showParticleSystems":true,"showVisualEffectGraphs":true,"m_FxEnabled":true},"in2DMode":false,"pivot":{"x":-15.744457244873047,"y":6.428548812866211,"z":21.892635345458986},"rotation":{"x":0.009619386866688729,"y":-0.9342236518859863,"z":0.3558070659637451,"w":0.02520848996937275},"size":1.6770628690719605,"orthographic":false}