{"cameraMode":{"drawMode":0,"name":"Shaded","section":"Shading Mode"},"sceneLighting":false,"audioPlay":false,"sceneViewState":{"m_AlwaysRefresh":false,"showFog":true,"showSkybox":false,"showFlares":true,"showImageEffects":true,"showParticleSystems":true,"showVisualEffectGraphs":true,"m_FxEnabled":true},"in2DMode":false,"pivot":{"x":0.2271803915500641,"y":1.427573561668396,"z":1.0526450872421265},"rotation":{"x":0.000776030879933387,"y":0.999151885509491,"z":0.02248472534120083,"w":-0.03448440507054329},"size":0.9363460540771484,"orthographic":false}