{"cameraMode":{"drawMode":0,"name":"Shaded","section":"Shading Mode"},"sceneLighting":false,"audioPlay":false,"sceneViewState":{"m_AlwaysRefresh":false,"showFog":true,"showSkybox":false,"showFlares":true,"showImageEffects":true,"showParticleSystems":true,"showVisualEffectGraphs":true,"m_FxEnabled":true},"in2DMode":false,"pivot":{"x":-13.400348663330079,"y":1.4737462997436524,"z":7.637839317321777},"rotation":{"x":-0.005919915623962879,"y":0.968471109867096,"z":-0.24812500178813935,"w":-0.022944629192352296},"size":2.1241979598999025,"orthographic":false}